Workbook

Sheet HU
A1: ID | B1: Épica | C1: Actor | D1: Descripción breve | E1: Historia de Usuario | F1: Criterios de Aceptación | G1: Prioridad
A2: HU-01 | B2: Autenticación | C2: Guardia | D2: Login guardia | E2: Como guardia quiero iniciar sesión en la aplicación con mis credenciales para acceder a las funcionalidades según mi rol. | F2: Puede ingresar usuario/clave válidos; accede solo a funciones de guardia; muestra error si credenciales inválidas | G2: Muy alta
A3: HU-02 | B3: Autenticación | C3: Supervisor | D3: Login supervisor | E3: Como supervisor quiero iniciar sesión en la aplicación con mis credenciales para acceder a las funcionalidades según mi rol. | F3: Puede autenticarse; accede a vistas de supervisión; error ante credenciales incorrectas | G3: Muy alta
A4: HU-03 | B4: Autenticación | C4: Administrador | D4: Login administrador | E4: Como Administrador quiero iniciar sesión en la aplicación con mis credenciales para acceder a las funcionalidades según mi rol. | F4: Puede autenticarse; accede a funciones administrativas; validación de credenciales | G4: Muy alta
A5: HU-04 | B5: Gestión de usuarios | C5: Administrador | D5: Acceso vistas admin | E5: Como administrador quiero tener acceso a las vistas Registro de usuario, Marcar estación, Histórico de rondas, rutas de vigilancia, reportes y control de cumplimiento de rondas para realizar soporte | F5: Puede ver registro de usuarios, marcar estación, histórico, rutas, reportes y cumplimiento | G5: Alta
A6: HU-05 | B6: Gestión de usuarios | C6: Administrador | D6: Inicio personalizado admin | E6: Como administrador quiero tener acceso a las vistas Inicio sesión en el que me permira acceder a una pantalla de inicio personalizada de acuerdo a mi rol | F6: Al iniciar sesión ve dashboard acorde a su rol | G6: Media
A7: HU-06 | B7: Gestión de usuarios | C7: Supervisor | D7: Acceso supervisor | E7: Como supervisor quiero tener acceso a las vistas rutas de vigilancia, reportes y control de cumplimiento de rondas para poder realizar la supervisión de los guardias de todas las sucursales | F7: Puede ver rutas, reportes y cumplimiento de rondas de todas las sucursales | G7: Alta
A8: HU-07 | B8: Gestión de usuarios | C8: Supervisor | D8: Inicio personalizado supervisor | E8: Como Supervisor quiero tener acceso a las vistas Inicio sesión en el que me permira acceder a una pantalla de inicio personalizada de acuerdo a mi rol | F8: Visualiza pantalla inicial acorde a su rol | G8: Media
A9: HU-08 | B9: Gestión de rondas | C9: Guardia | D9: Acceso rondas guardia | E9: Como supervisor quiero tener acceso a las vistas rutas de vigilancia, Histórico de rondas y Marcar estación | F9: Puede acceder a rutas, histórico y marcar estación | G9: Media
A10: HU-09 | B10: Gestión de rondas | C10: Guardia | D10: Ver rutas asignadas | E10: Como guardia quiero ver las rutas de vigilancia que tengo asignadas para saber qué recorrido debo realizar. | F10: Visualiza rutas asignadas actualizadas | G10: Alta
A11: HU-10 | B11: Gestión de rondas | C11: Guardia | D11: Iniciar ronda | E11: Como guardia quiero iniciar una ronda desde la app para que el sistema registre el comienzo del recorrido. | F11: Puede iniciar ronda; sistema registra hora y estado “en curso” | G11: Muy alta
A12: HU-11 | B12: Gestión de rondas | C12: Guardia | D12: Histórico rondas | E12: Como guardia quiero tener un historico de rondas de todos mis recorridos | F12: Puede ver listado de rondas pasadas | G12: Media
... A25: HU-24 | B25: Reportes | C25: Supervisor | D25: Reporte cumplimiento | E25: Como supervisor quiero generar un reporte de cumplimiento de rondas para evaluar el desempeño operativo. | F25: Genera reporte de rondas con métricas claras | G25: Alta

Sheet RF
A1: ID | B1: Módulo | C1: Requisito | D1: Detalle | E1: HU Relacionado | F1: Criterios de aceptación | G1: Sprint
A2: RF-01 | B2: LOGIN | C2: Autenticación de usuarios | D2: El sistema debe permitir a los usuarios iniciar sesión mediante usuario y contraseña. | E2: HU-01, HU-02, HU-03 | F2: El usuario puede ingresar usuario y contraseña. | G2: 2
A3: RF-01 | B3: LOGIN | C3: Autenticación de usuarios | D3: El sistema debe permitir a los usuarios iniciar sesión mediante usuario y contraseña. | E3: HU-01, HU-02, HU-03 | F3: El sistema valida que los campos no estén vacíos. | G3: 2
A4: RF-01 | B4: LOGIN | C4: Autenticación de usuarios | D4: El sistema debe permitir a los usuarios iniciar sesión mediante usuario y contraseña. | E4: HU-01, HU-02, HU-03 | F4: El sistema permite el acceso con credenciales válidas. | G4: 2
A5: RF-02 | B5: LOGIN | C5: Validación de credenciales | D5: El sistema debe validar las credenciales contra la base de datos. | E5: HU-01, HU-02, HU-03 | F5: El sistema verifica que el usuario exista. | G5: 2
A6: RF-02 | B6: LOGIN | C6: Validación de credenciales | D6: El sistema debe validar las credenciales contra la base de datos. | E6: HU-01, HU-02, HU-03 | F6: La contraseña ingresada es comparada con la almacenada (encriptada). | G6: 2
A7: RF-02 | B7: LOGIN | C7: Validación de credenciales | D7: El sistema debe validar las credenciales contra la base de datos. | E7: HU-01, HU-02, HU-03 | F7: Se permite acceso solo si las credenciales son correctas. | G7: 2
A8: RF-03 | B8: LOGIN | C8: Manejo de errores de autenticación | D8: El sistema debe mostrar mensajes de error cuando las credenciales sean incorrectas. | E8: HU-01, HU-02, HU-03 | F8: Se muestra mensaje si el usuario no existe. | G8: 2
A9: RF-03 | B9: LOGIN | C9: Manejo de errores de autenticación | D9: El sistema debe mostrar mensajes de error cuando las credenciales sean incorrectas. | E9: HU-01, HU-02, HU-03 | F9: Se muestra mensaje si la contraseña es incorrecta. | G9: 2
A10: RF-03 | B10: LOGIN | C10: Manejo de errores de autenticación | D10: El sistema debe mostrar mensajes de error cuando las credenciales sean incorrectas. | E10: HU-01, HU-02, HU-03 | F10: No se revela información sensible del sistema. | G10: 2
A11: RF-04 | B11: LOGIN | C11: Gestión de sesión | D11: El sistema debe crear y mantener una sesión activa tras autenticación exitosa. | E11: HU-01, HU-02, HU-03 | F11: Se genera un token de sesión (JWT). | G11: 2
A12: RF-04 | B12: LOGIN | C12: Gestión de sesión | D12: El sistema debe crear y mantener una sesión activa tras autenticación exitosa. | E12: HU-01, HU-02, HU-03 | F12: La sesión se mantiene mientras el token sea válido. | G12: 2
A13: RF-04 | B13: LOGIN | C13: Gestión de sesión | D13: El sistema debe crear y mantener una sesión activa tras autenticación exitosa. | E13: HU-01, HU-02, HU-03 | F13: Se invalida la sesión al cerrar sesión. | G13: 2
... A45: RF-22 | B45: REPORTES | C45: Estadísticas para cliente | D45: El sistema debe mostrar indicadores. | E45: HU-25 | F45: Cliente visualiza cumplimiento e incidencias. | G45: 7

Sheet TA - SP2
A1: Código | B1: Tarea | C1: Descripción | D1: Tipo | E1: Requisito Funcional | F1: Sprint | G1: Nombre Trello | H1: Columna1
A2: TA-01 | B2: Crear mockup login | C2: Diseñar pantalla con campos usuario y contraseña | D2: Frontend | E2: RF-01 | F2: Sprint 2 | G2: =CONCATENATE('TA - SP2'!$A2," ",'TA - SP2'!$B2," ",'TA - SP2'!$D2," - ",'TA - SP2'!$F2) -> TA-01 Crear mockup login Frontend - Sprint 2 | H2: =CONCATENATE('TA - SP2'!$B2," : ",'TA - SP2'!$C2) -> Crear mockup login : Diseñar pantalla con campos usuario y contraseña
A3: TA-02 | B3: Crear UI login | C3: Diseñar pantalla con campos usuario y contraseña | D3: Frontend | E3: RF-01 | F3: Sprint 2 | G3: =CONCATENATE('TA - SP2'!$A3," ",'TA - SP2'!$B3," ",'TA - SP2'!$D3," - ",'TA - SP2'!$F3) -> TA-02 Crear UI login Frontend - Sprint 2 | H3: =CONCATENATE('TA - SP2'!$B3," : ",'TA - SP2'!$C3) -> Crear UI login : Diseñar pantalla con campos usuario y contraseña
A4: TA-03 | B4: Validar campos obligatorios | C4: Validar que inputs no estén vacíos | D4: Frontend | E4: RF-01 | F4: Sprint 2 | G4: =CONCATENATE('TA - SP2'!$A4," ",'TA - SP2'!$B4," ",'TA - SP2'!$D4," - ",'TA - SP2'!$F4) -> TA-03 Validar campos obligatorios Frontend - Sprint 2 | H4: =CONCATENATE('TA - SP2'!$B4," : ",'TA - SP2'!$C4) -> Validar campos obligatorios : Validar que inputs no estén vacíos
A5: TA-04 | B5: Enviar credenciales al backend | C5: Consumir API /login | D5: Frontend | E5: RF-01 | F5: Sprint 2 | G5: =CONCATENATE('TA - SP2'!$A5," ",'TA - SP2'!$B5," ",'TA - SP2'!$D5," - ",'TA - SP2'!$F5) -> TA-04 Enviar credenciales al backend Frontend - Sprint 2 | H5: =CONCATENATE('TA - SP2'!$B5," : ",'TA - SP2'!$C5) -> Enviar credenciales al backend : Consumir API /login
A6: TA-05 | B6: Crear endpoint login | C6: Implementar endpoint REST /login | D6: Backend | E6: RF-01 | F6: Sprint 2 | G6: =CONCATENATE('TA - SP2'!$A6," ",'TA - SP2'!$B6," ",'TA - SP2'!$D6," - ",'TA - SP2'!$F6) -> TA-05 Crear endpoint login Backend - Sprint 2 | H6: =CONCATENATE('TA - SP2'!$B6," : ",'TA - SP2'!$C6) -> Crear endpoint login : Implementar endpoint REST /login
A7: TA-06 | B7: Buscar usuario en BD | C7: Consulta por username | D7: Backend | E7: RF-02 | F7: Sprint 2 | G7: =CONCATENATE('TA - SP2'!$A7," ",'TA - SP2'!$B7," ",'TA - SP2'!$D7," - ",'TA - SP2'!$F7) -> TA-06 Buscar usuario en BD Backend - Sprint 2 | H7: =CONCATENATE('TA - SP2'!$B7," : ",'TA - SP2'!$C7) -> Buscar usuario en BD : Consulta por username
A8: TA-07 | B8: Implementar hash (bcrypt) | C8: Encriptar y comparar contraseñas | D8: Backend | E8: RF-02 | F8: Sprint 2 | G8: =CONCATENATE('TA - SP2'!$A8," ",'TA - SP2'!$B8," ",'TA - SP2'!$D8," - ",'TA - SP2'!$F8) -> TA-07 Implementar hash (bcrypt) Backend - Sprint 2 | H8: =CONCATENATE('TA - SP2'!$B8," : ",'TA - SP2'!$C8) -> Implementar hash (bcrypt) : Encriptar y comparar contraseñas
A9: TA-08 | B9: Validar credenciales | C9: Lógica de autenticación | D9: Backend | E9: RF-02 | F9: Sprint 2 | G9: =CONCATENATE('TA - SP2'!$A9," ",'TA - SP2'!$B9," ",'TA - SP2'!$D9," - ",'TA - SP2'!$F9) -> TA-08 Validar credenciales Backend - Sprint 2 | H9: =CONCATENATE('TA - SP2'!$B9," : ",'TA - SP2'!$C9) -> Validar credenciales : Lógica de autenticación
A10: TA-09 | B10: Retornar respuesta login | C10: Enviar éxito/error + datos usuario | D10: Backend | E10: RF-02 | F10: Sprint 2 | G10: =CONCATENATE('TA - SP2'!$A10," ",'TA - SP2'!$B10," ",'TA - SP2'!$D10," - ",'TA - SP2'!$F10) -> TA-09 Retornar respuesta login Backend - Sprint 2 | H10: =CONCATENATE('TA - SP2'!$B10," : ",'TA - SP2'!$C10) -> Retornar respuesta login : Enviar éxito/error + datos usuario
A11: TA-10 | B11: Definir errores backend | C11: Respuestas HTTP (401, 400) | D11: Backend | E11: RF-03 | F11: Sprint 2 | G11: =CONCATENATE('TA - SP2'!$A11," ",'TA - SP2'!$B11," ",'TA - SP2'!$D11," - ",'TA - SP2'!$F11) -> TA-10 Definir errores backend Backend - Sprint 2 | H11: =CONCATENATE('TA - SP2'!$B11," : ",'TA - SP2'!$C11) -> Definir errores backend : Respuestas HTTP (401, 400)
A12: TA-11 | B12: Manejar error usuario inexistente | C12: Validación específica | D12: Backend | E12: RF-03 | F12: Sprint 2 | G12: =CONCATENATE('TA - SP2'!$A12," ",'TA - SP2'!$B12," ",'TA - SP2'!$D12," - ",'TA - SP2'!$F12) -> TA-11 Manejar error usuario inexistente Backend - Sprint 2 | H12: =CONCATENATE('TA - SP2'!$B12," : ",'TA - SP2'!$C12) -> Manejar error usuario inexistente : Validación específica
A13: TA-12 | B13: Manejar error contraseña incorrecta | C13: Validación específica | D13: Backend | E13: RF-03 | F13: Sprint 2 | G13: =CONCATENATE('TA - SP2'!$A13," ",'TA - SP2'!$B13," ",'TA - SP2'!$D13," - ",'TA - SP2'!$F13) -> TA-12 Manejar error contraseña incorrecta Backend - Sprint 2 | H13: =CONCATENATE('TA - SP2'!$B13," : ",'TA - SP2'!$C13) -> Manejar error contraseña incorrecta : Validación específica
... A38: TA-37 | B38: Documentar pruebas | C38: Evidencia QA | D38: Documentación | E38: Documentación | F38: Sprint 2 | G38: =CONCATENATE('TA - SP2'!$A38," ",'TA - SP2'!$B38," ",'TA - SP2'!$D38," - ",'TA - SP2'!$F38) -> TA-37 Documentar pruebas Documentación - Sprint 2 | H38: =CONCATENATE('TA - SP2'!$B38," : ",'TA - SP2'!$C38) -> Documentar pruebas : Evidencia QA

Sheet Diagramas
A1: Tipo de diagrama | B1: Diagrama
A2: Diagrama de casos de uso | B2: #VALUE!
A3: Modelo entidad-relación
